"","item","Applications","Enrolled","Inquiries","applyPercent","enrollPercent","gpa","years"
"1",1,4,0,22,0.181818181818182,0,4,2007
"2",2,4,0,22,0.181818181818182,0,3.575,2008
"3",3,4,0,22,0.181818181818182,0,NA,2009
"4",4,4,0,22,0.181818181818182,0,NA,2010
