"","item","Applications","Enrolled","Inquiries","applyPercent","enrollPercent","gpa","years"
"1",1,4,1,15,0.266666666666667,0.0666666666666667,3.89,2007
"2",2,4,1,15,0.266666666666667,0.0666666666666667,3.88,2008
"3",3,4,1,15,0.266666666666667,0.0666666666666667,NA,2009
"4",4,4,1,15,0.266666666666667,0.0666666666666667,NA,2010
