"","item","Applications","Enrolled","Inquiries","applyPercent","enrollPercent","gpa","years"
"1",1,56,0,199,0.281407035175879,0,3.8,2007
"2",2,56,0,199,0.281407035175879,0,3.78571428571429,2008
"3",3,56,0,199,0.281407035175879,0,3.74142857142857,2009
"4",4,56,0,199,0.281407035175879,0,3.299375,2010
